City_ID,City_EN,City_CN,Country_code,Country_EN,Country_CN,Province_EN,Province_CN,Admin_ district_EN,Admin_ district_CN,Latitude,Longitude,AD_code,
CN101010100,beijing,北京,CN,China,中国,beijing,北京,beijing,北京,39.904987,116.40529,"110100,110000,100000",
CN101010200,haidian,海淀,CN,China,中国,beijing,北京,beijing,北京,39.956074,116.31032,110108,
CN101010300,chaoyang,朝阳,CN,China,中国,beijing,北京,beijing,北京,39.92149,116.48641,110105,
CN101010400,shunyi,顺义,CN,China,中国,beijing,北京,beijing,北京,40.128937,116.65353,110113,
CN101010500,huairou,怀柔,CN,China,中国,beijing,北京,beijing,北京,40.324272,116.63712,110116,
CN101010600,tongzhou,通州,CN,China,中国,beijing,北京,beijing,北京,39.902485,116.6586,110112,
CN101010700,changping,昌平,CN,China,中国,beijing,北京,beijing,北京,40.218086,116.23591,110114,
CN101010800,yanqing,延庆,CN,China,中国,beijing,北京,beijing,北京,40.465324,115.98501,110119,
CN101010900,fengtai,丰台,CN,China,中国,beijing,北京,beijing,北京,39.863644,116.286964,110106,
CN101011000,shijingshan,石景山,CN,China,中国,beijing,北京,beijing,北京,39.9146,116.19544,110107,
CN101011100,daxing,大兴,CN,China,中国,beijing,北京,beijing,北京,39.72891,116.338036,110115,
CN101011200,fangshan,房山,CN,China,中国,beijing,北京,beijing,北京,39.735535,116.13916,110111,
CN101011300,miyun,密云,CN,China,中国,beijing,北京,beijing,北京,40.37736,116.84335,110118,
CN101011400,mentougou,门头沟,CN,China,中国,beijing,北京,beijing,北京,39.937183,116.10538,110109,
CN101011500,pinggu,平谷,CN,China,中国,beijing,北京,beijing,北京,40.144783,117.112335,110117,
CN101011600,dongcheng,东城,CN,China,中国,beijing,北京,beijing,北京,39.917545,116.418755,110101,
CN101011700,xicheng,西城,CN,China,中国,beijing,北京,beijing,北京,39.91531,116.36679,110102,
CN101020100,shanghai,上海,CN,China,中国,shanghai,上海,shanghai,上海,31.231707,121.47264,"310100,310000",
CN101020200,minhang,闵行,CN,China,中国,shanghai,上海,shanghai,上海,31.111658,121.37597,310112,
CN101020300,baoshan,宝山,CN,China,中国,shanghai,上海,shanghai,上海,31.398895,121.48994,310113,
CN101020400,huangpu,黄浦,CN,China,中国,shanghai,上海,shanghai,上海,31.22277,121.49032,310101,
CN101020500,jiading,嘉定,CN,China,中国,shanghai,上海,shanghai,上海,31.383524,121.250336,310114,
CN101020600,pudongxinqu,浦东新区,CN,China,中国,shanghai,上海,shanghai,上海,31.245943,121.5677,310115,
CN101020700,jinshan,金山,CN,China,中国,shanghai,上海,shanghai,上海,30.724697,121.330734,310116,
CN101020800,qingpu,青浦,CN,China,中国,shanghai,上海,shanghai,上海,31.151209,121.11302,310118,
CN101020900,songjiang,松江,CN,China,中国,shanghai,上海,shanghai,上海,31.03047,121.22354,310117,
CN101021000,fengxian,奉贤,CN,China,中国,shanghai,上海,shanghai,上海,30.912346,121.45847,310120,
CN101021100,chongming,崇明,CN,China,中国,shanghai,上海,shanghai,上海,31.626945,121.397514,310151,
CN101021200,xuhui,徐汇,CN,China,中国,shanghai,上海,shanghai,上海,31.179974,121.43752,310104,
CN101021300,changning,长宁,CN,China,中国,shanghai,上海,shanghai,上海,31.218122,121.4222,310105,
CN101021400,jingan,静安,CN,China,中国,shanghai,上海,shanghai,上海,31.229004,121.44823,310106,
CN101021500,putuo,普陀,CN,China,中国,shanghai,上海,shanghai,上海,31.241701,121.3925,310107,
CN101021600,hongkou,虹口,CN,China,中国,shanghai,上海,shanghai,上海,31.26097,121.49183,310109,
CN101021700,yangpu,杨浦,CN,China,中国,shanghai,上海,shanghai,上海,31.270756,121.5228,310110,
CN101030100,tianjin,天津,CN,China,中国,tianjin,天津,tianjin,天津,39.125595,117.190186,"120100,120000",
CN101030200,wuqing,武清,CN,China,中国,tianjin,天津,tianjin,天津,39.376926,117.05796,120114,
CN101030300,baodi,宝坻,CN,China,中国,tianjin,天津,tianjin,天津,39.716965,117.30809,120115,
CN101030400,dongli,东丽,CN,China,中国,tianjin,天津,tianjin,天津,39.087765,117.313965,120110,
CN101030500,xiqing,西青,CN,China,中国,tianjin,天津,tianjin,天津,39.139446,117.012245,120111,
CN101030600,beichen,北辰,CN,China,中国,tianjin,天津,tianjin,天津,39.225555,117.13482,120113,
CN101030700,ninghe,宁河,CN,China,中国,tianjin,天津,tianjin,天津,39.328884,117.82828,120117,
CN101030800,heping,和平,CN,China,中国,tianjin,天津,tianjin,天津,39.11833,117.19591,120101,
CN101030900,jinghai,静海,CN,China,中国,tianjin,天津,tianjin,天津,38.935673,116.9253,120118,
CN101031000,jinnan,津南,CN,China,中国,tianjin,天津,tianjin,天津,38.98958,117.382545,120112,
CN101031100,binhaixinqu,滨海新区,CN,China,中国,tianjin,天津,tianjin,天津,39.032845,117.654175,120116,
CN101031200,hedong,河东,CN,China,中国,tianjin,天津,tianjin,天津,39.122124,117.22657,120102,
CN101031300,hexi,河西,CN,China,中国,tianjin,天津,tianjin,天津,39.1019,117.21754,120103,
CN101031400,jizhou,蓟州,CN,China,中国,tianjin,天津,tianjin,天津,40.04534,117.40745,120119,
CN101031500,nankai,南开,CN,China,中国,tianjin,天津,tianjin,天津,39.120476,117.16415,120104,
CN101031600,hebei,河北,CN,China,中国,tianjin,天津,tianjin,天津,39.15663,117.20157,120105,
CN101031700,hongqiao,红桥,CN,China,中国,tianjin,天津,tianjin,天津,39.175068,117.1633,120106,
CN101040100,chongqing,重庆,CN,China,中国,chongqing,重庆,chongqing,重庆,29.56376,106.55046,"500100,500000,500200",
CN101040200,yongchuan,永川,CN,China,中国,chongqing,重庆,chongqing,重庆,29.348747,105.894714,500118,
CN101040300,hechuan,合川,CN,China,中国,chongqing,重庆,chongqing,重庆,29.990993,106.26556,500117,
CN101040400,nanchuan,南川,CN,China,中国,chongqing,重庆,chongqing,重庆,29.156647,107.09815,500119,
CN101040500,jiangjin,江津,CN,China,中国,chongqing,重庆,chongqing,重庆,29.283386,106.25316,500116,
CN101040700,yubei,渝北,CN,China,中国,chongqing,重庆,chongqing,重庆,29.601452,106.51285,500112,
CN101040800,beibei,北碚,CN,China,中国,chongqing,重庆,chongqing,重庆,29.82543,106.43787,500109,
CN101040900,banan,巴南,CN,China,中国,chongqing,重庆,chongqing,重庆,29.38192,106.519424,500113,
CN101041000,changshou,长寿,CN,China,中国,chongqing,重庆,chongqing,重庆,29.833672,107.07485,500115,
CN101041100,qianjiang,黔江,CN,China,中国,chongqing,重庆,chongqing,重庆,29.527548,108.78258,500114,
CN101041200,yuzhong,渝中,CN,China,中国,chongqing,重庆,chongqing,重庆,29.556742,106.56288,500103,
CN101041300,wanzhou,万州,CN,China,中国,chongqing,重庆,chongqing,重庆,30.807808,108.38025,500101,
CN101041400,fuling,涪陵,CN,China,中国,chongqing,重庆,chongqing,重庆,29.703651,107.394905,500102,
CN101041600,chengkou,城口,CN,China,中国,chongqing,重庆,chongqing,重庆,31.946293,108.6649,500229,
CN101041700,yunyang,云阳,CN,China,中国,chongqing,重庆,chongqing,重庆,30.930529,108.6977,500235,
CN101041800,wuxi,巫溪,CN,China,中国,chongqing,重庆,chongqing,重庆,31.3966,109.628914,500238,
CN101041900,fengjie,奉节,CN,China,中国,chongqing,重庆,chongqing,重庆,31.019966,109.465775,500236,
CN101042000,wushan,巫山,CN,China,中国,chongqing,重庆,chongqing,重庆,31.074842,109.87893,500237,
CN101042100,tongnan,潼南,CN,China,中国,chongqing,重庆,chongqing,重庆,30.189554,105.84182,500152,
CN101042200,dianjiang,垫江,CN,China,中国,chongqing,重庆,chongqing,重庆,30.330011,107.348694,500231,
CN101042300,liangping,梁平,CN,China,中国,chongqing,重庆,chongqing,重庆,30.672169,107.80003,500155,
CN101042400,zhongxian,忠县,CN,China,中国,chongqing,重庆,chongqing,重庆,30.291536,108.03752,500233,
CN101042500,shizhu,石柱,CN,China,中国,chongqing,重庆,chongqing,重庆,29.999285,108.11407,500240,
CN101042600,dazu,大足,CN,China,中国,chongqing,重庆,chongqing,重庆,29.700499,105.71532,500111,
CN101042700,rongchang,荣昌,CN,China,中国,chongqing,重庆,chongqing,重庆,29.403627,105.59406,500153,
CN101042800,tongliang,铜梁,CN,China,中国,chongqing,重庆,chongqing,重庆,29.839945,106.05495,500151,
CN101042900,bishan,璧山,CN,China,中国,chongqing,重庆,chongqing,重庆,29.59358,106.231125,500120,
CN101043000,fengdu,丰都,CN,China,中国,chongqing,重庆,chongqing,重庆,29.866425,107.73248,500230,
CN101043100,wulong,武隆,CN,China,中国,chongqing,重庆,chongqing,重庆,29.32376,107.75655,500156,
CN101043200,pengshui,彭水,CN,China,中国,chongqing,重庆,chongqing,重庆,29.293856,108.16655,500243,
CN101043300,qijiang,綦江,CN,China,中国,chongqing,重庆,chongqing,重庆,29.028091,106.65142,500110,
CN101043400,youyang,酉阳,CN,China,中国,chongqing,重庆,chongqing,重庆,28.839828,108.767204,500242,
CN101043500,dadukou,大渡口,CN,China,中国,chongqing,重庆,chongqing,重庆,29.481003,106.48613,500104,
CN101043600,xiushan,秀山,CN,China,中国,chongqing,重庆,chongqing,重庆,28.444773,108.99604,500241,
CN101043700,jiangbei,江北,CN,China,中国,chongqing,重庆,chongqing,重庆,29.575352,106.532845,500105,
CN101043800,shapingba,沙坪坝,CN,China,中国,chongqing,重庆,chongqing,重庆,29.541224,106.4542,500106,
CN101043900,jiulongpo,九龙坡,CN,China,中国,chongqing,重庆,chongqing,重庆,29.523493,106.48099,500107,
CN101044000,nanan,南岸,CN,China,中国,chongqing,重庆,chongqing,重庆,29.523993,106.560814,500108,
CN101044100,kaizhou,开州,CN,China,中国,chongqing,重庆,chongqing,重庆,31.167734,108.413315,500154,
CN101050101,haerbin,哈尔滨,CN,China,中国,heilongjiang,黑龙江,haerbin,哈尔滨,45.756966,126.64246,"230101,230100,230000",
CN101050102,shuangcheng,双城,CN,China,中国,heilongjiang,黑龙江,haerbin,哈尔滨,45.37794,126.308784,230113,
CN101050103,hulan,呼兰,CN,China,中国,heilongjiang,黑龙江,haerbin,哈尔滨,45.98423,126.6033,230111,
CN101050104,acheng,阿城,CN,China,中国,heilongjiang,黑龙江,haerbin,哈尔滨,45.538372,126.972725,230112,
CN101050105,binxian,宾县,CN,China,中国,heilongjiang,黑龙江,haerbin,哈尔滨,45.75937,127.48594,230125,
CN101050106,yilan,依兰,CN,China,中国,heilongjiang,黑龙江,haerbin,哈尔滨,46.315105,129.5656,230123,
CN101050107,bayan,巴彦,CN,China,中国,heilongjiang,黑龙江,haerbin,哈尔滨,46.08189,127.4036,230126,
CN101050108,tonghe,通河,CN,China,中国,heilongjiang,黑龙江,haerbin,哈尔滨,45.97762,128.74779,230128,
CN101050109,fangzheng,方正,CN,China,中国,heilongjiang,黑龙江,haerbin,哈尔滨,45.839535,128.83614,230124,
CN101050110,yanshou,延寿,CN,China,中国,heilongjiang,黑龙江,haerbin,哈尔滨,45.455647,128.33188,230129,
CN101050111,shangzhi,尚志,CN,China,中国,heilongjiang,黑龙江,haerbin,哈尔滨,45.214954,127.96854,230183,
CN101050112,wuchang,五常,CN,China,中国,heilongjiang,黑龙江,haerbin,哈尔滨,44.91942,127.15759,230184,
CN101050113,mulan,木兰,CN,China,中国,heilongjiang,黑龙江,haerbin,哈尔滨,45.949825,128.04268,230127,
CN101050114,daoli,道里,CN,China,中国,heilongjiang,黑龙江,haerbin,哈尔滨,45.762035,126.61253,230102,
CN101050115,nangang,南岗,CN,China,中国,heilongjiang,黑龙江,haerbin,哈尔滨,45.75597,126.6521,230103,
CN101050116,daowai,道外,CN,China,中国,heilongjiang,黑龙江,haerbin,哈尔滨,45.78454,126.648834,230104,
CN101050117,pingfang,平房,CN,China,中国,heilongjiang,黑龙江,haerbin,哈尔滨,45.605568,126.62926,230108,
CN101050118,songbei,松北,CN,China,中国,heilongjiang,黑龙江,haerbin,哈尔滨,45.814655,126.563065,230109,
CN101050119,xiangfang,香坊,CN,China,中国,heilongjiang,黑龙江,haerbin,哈尔滨,45.713066,126.667046,230110,
CN101050201,qiqihaer,齐齐哈尔,CN,China,中国,heilongjiang,黑龙江,qiqihaer,齐齐哈尔,47.34208,123.95792,"230201,230200",
CN101050202,nehe,讷河,CN,China,中国,heilongjiang,黑龙江,qiqihaer,齐齐哈尔,48.481133,124.88217,230281,
CN101050203,longjiang,龙江,CN,China,中国,heilongjiang,黑龙江,qiqihaer,齐齐哈尔,47.336388,123.187225,230221,
CN101050204,gannan,甘南,CN,China,中国,heilongjiang,黑龙江,qiqihaer,齐齐哈尔,47.91784,123.506035,230225,
CN101050205,fuyu,富裕,CN,China,中国,heilongjiang,黑龙江,qiqihaer,齐齐哈尔,47.797173,124.46911,230227,
CN101050206,yian,依安,CN,China,中国,heilongjiang,黑龙江,qiqihaer,齐齐哈尔,47.8901,125.30756,230223,
CN101050207,baiquan,拜泉,CN,China,中国,heilongjiang,黑龙江,qiqihaer,齐齐哈尔,47.607365,126.09191,230231,
CN101050208,keshan,克山,CN,China,中国,heilongjiang,黑龙江,qiqihaer,齐齐哈尔,48.034344,125.87435,230229,
CN101050209,kedong,克东,CN,China,中国,heilongjiang,黑龙江,qiqihaer,齐齐哈尔,48.03732,126.24909,230230,
CN101050210,tailai,泰来,CN,China,中国,heilongjiang,黑龙江,qiqihaer,齐齐哈尔,46.39233,123.41953,230224,
CN101050211,longsha,龙沙,CN,China,中国,heilongjiang,黑龙江,qiqihaer,齐齐哈尔,47.341736,123.95734,230202,
CN101050212,jianhua,建华,CN,China,中国,heilongjiang,黑龙江,qiqihaer,齐齐哈尔,47.354492,123.95589,230203,
CN101050213,tiefeng,铁锋,CN,China,中国,heilongjiang,黑龙江,qiqihaer,齐齐哈尔,47.3395,123.97356,230204,
CN101050214,angangxi,昂昂溪,CN,China,中国,heilongjiang,黑龙江,qiqihaer,齐齐哈尔,47.156868,123.81318,230205,
CN101050215,fulaerji,富拉尔基,CN,China,中国,heilongjiang,黑龙江,qiqihaer,齐齐哈尔,47.20697,123.63887,230206,
CN101050216,nianzishan,碾子山,CN,China,中国,heilongjiang,黑龙江,qiqihaer,齐齐哈尔,47.51401,122.88797,230207,
CN101050217,meilisi,梅里斯,CN,China,中国,heilongjiang,黑龙江,qiqihaer,齐齐哈尔,47.31111,123.7546,230208,
CN101050301,mudanjiang,牡丹江,CN,China,中国,heilongjiang,黑龙江,mudanjiang,牡丹江,44.582962,129.6186,"231001,231000",
CN101050302,hailin,海林,CN,China,中国,heilongjiang,黑龙江,mudanjiang,牡丹江,44.57415,129.38791,231083,
CN101050303,muling,穆棱,CN,China,中国,heilongjiang,黑龙江,mudanjiang,牡丹江,44.91967,130.52708,231085,
CN101050304,linkou,林口,CN,China,中国,heilongjiang,黑龙江,mudanjiang,牡丹江,45.286644,130.2684,231025,
CN101050305,suifenhe,绥芬河,CN,China,中国,heilongjiang,黑龙江,mudanjiang,牡丹江,44.396866,131.16486,231081,
CN101050306,ningan,宁安,CN,China,中国,heilongjiang,黑龙江,mudanjiang,牡丹江,44.346836,129.47002,231084,
CN101050307,dongning,东宁,CN,China,中国,heilongjiang,黑龙江,mudanjiang,牡丹江,44.06358,131.12529,231086,
CN101050308,dongan,东安,CN,China,中国,heilongjiang,黑龙江,mudanjiang,牡丹江,44.582397,129.62329,231002,
CN101050309,yangming,阳明,CN,China,中国,heilongjiang,黑龙江,mudanjiang,牡丹江,44.59633,129.63464,231003,
CN101050310,aimin,爱民,CN,China,中国,heilongjiang,黑龙江,mudanjiang,牡丹江,44.595444,129.60123,231004,
CN101050311,xian,西安,CN,China,中国,heilongjiang,黑龙江,mudanjiang,牡丹江,44.58103,129.61311,231005,
CN101050401,jiamusi,佳木斯,CN,China,中国,heilongjiang,黑龙江,jiamusi,佳木斯,46.809605,130.36163,"230801,230800",
CN101050402,tangyuan,汤原,CN,China,中国,heilongjiang,黑龙江,jiamusi,佳木斯,46.73005,129.90446,230828,
CN101050403,fuyuan,抚远,CN,China,中国,heilongjiang,黑龙江,jiamusi,佳木斯,48.364708,134.2945,230883,
CN101050404,huachuan,桦川,CN,China,中国,heilongjiang,黑龙江,jiamusi,佳木斯,47.02304,130.72371,230826,
CN101050405,huanan,桦南,CN,China,中国,heilongjiang,黑龙江,jiamusi,佳木斯,46.240116,130.57011,230822,
CN101050406,tongjiang,同江,CN,China,中国,heilongjiang,黑龙江,jiamusi,佳木斯,47.65113,132.51012,230881,
CN101050407,fujin,富锦,CN,China,中国,heilongjiang,黑龙江,jiamusi,佳木斯,47.250748,132.03795,230882,
CN101050408,xiangyang,向阳,CN,China,中国,heilongjiang,黑龙江,jiamusi,佳木斯,46.809647,130.36179,230803,
CN101050409,qianjin,前进,CN,China,中国,heilongjiang,黑龙江,jiamusi,佳木斯,46.812344,130.37769,230804,
CN101050410,dongfeng,东风,CN,China,中国,heilongjiang,黑龙江,jiamusi,佳木斯,46.822475,130.40329,230805,
CN101050411,jiaoqu,郊区,CN,China,中国,heilongjiang,黑龙江,jiamusi,佳木斯,46.80712,130.3516,230811,
CN101050501,suihua,绥化,CN,China,中国,heilongjiang,黑龙江,suihua,绥化,46.637394,126.99293,"231201,231200",
CN101050502,zhaodong,肇东,CN,China,中国,heilongjiang,黑龙江,suihua,绥化,46.06947,125.9914,231282,
CN101050503,anda,安达,CN,China,中国,heilongjiang,黑龙江,suihua,绥化,46.410614,125.329926,231281,
CN101050504,hailun,海伦,CN,China,中国,heilongjiang,黑龙江,suihua,绥化,47.460426,126.96938,231283,
CN101050505,mingshui,明水,CN,China,中国,heilongjiang,黑龙江,suihua,绥化,47.18353,125.90755,231225,
CN101050506,wangkui,望奎,CN,China,中国,heilongjiang,黑龙江,suihua,绥化,46.83352,126.48419,231221,
CN101050507,lanxi,兰西,CN,China,中国,heilongjiang,黑龙江,suihua,绥化,46.259037,126.289314,231222,
CN101050508,qinggang,青冈,CN,China,中国,heilongjiang,黑龙江,suihua,绥化,46.686596,126.11227,231223,
CN101050509,qingan,庆安,CN,China,中国,heilongjiang,黑龙江,suihua,绥化,46.879204,127.510025,231224,
CN101050510,suiling,绥棱,CN,China,中国,heilongjiang,黑龙江,suihua,绥化,47.247196,127.11112,231226,
CN101050511,beilin,北林,CN,China,中国,heilongjiang,黑龙江,suihua,绥化,46.63491,126.99066,231202,
CN101050601,heihe,黑河,CN,China,中国,heilongjiang,黑龙江,heihe,黑河,50.249584,127.49902,"231101,231100",
CN101050602,nenjiang,嫩江,CN,China,中国,heilongjiang,黑龙江,heihe,黑河,49.17746,125.229904,231121,
CN101050603,sunwu,孙吴,CN,China,中国,heilongjiang,黑龙江,heihe,黑河,49.423943,127.32732,231124,
CN101050604,xunke,逊克,CN,China,中国,heilongjiang,黑龙江,heihe,黑河,49.582973,128.47615,231123,
CN101050605,wudalianchi,五大连池,CN,China,中国,heilongjiang,黑龙江,heihe,黑河,48.512688,126.19769,231182,
CN101050606,beian,北安,CN,China,中国,heilongjiang,黑龙江,heihe,黑河,48.245438,126.508736,231181,
CN101050607,aihui,爱辉,CN,China,中国,heilongjiang,黑龙江,heihe,黑河,50.249027,127.49764,231102,
CN101050701,daxinganling,大兴安岭,CN,China,中国,heilongjiang,黑龙江,daxinganling,大兴安岭,52.335262,124.711525,"232700,232701",
CN101050702,tahe,塔河,CN,China,中国,heilongjiang,黑龙江,daxinganling,大兴安岭,52.335228,124.71052,232722,
CN101050703,mohe,漠河,CN,China,中国,heilongjiang,黑龙江,daxinganling,大兴安岭,52.972073,122.536255,232723,
CN101050704,huma,呼玛,CN,China,中国,heilongjiang,黑龙江,daxinganling,大兴安岭,51.726997,126.6621,232721,
CN101050705,huzhong,呼中,CN,China,中国,heilongjiang,黑龙江,daxinganling,大兴安岭,52.03336,123.5863,232721,
CN101050706,xinlin,新林,CN,China,中国,heilongjiang,黑龙江,daxinganling,大兴安岭,51.67373,124.395004,232721,
CN101050708,jiagedaqi,加格达奇,CN,China,中国,heilongjiang,黑龙江,daxinganling,大兴安岭,50.408726,124.13959,"232701,232701",
CN101050801,yichun,伊春,CN,China,中国,heilongjiang,黑龙江,yichun,伊春,47.726852,128.89928,"230701,230700,230702",
CN101050802,wuyiling,乌伊岭,CN,China,中国,heilongjiang,黑龙江,yichun,伊春,48.59112,129.43785,230714,
CN101050803,wuying,五营,CN,China,中国,heilongjiang,黑龙江,yichun,伊春,48.108204,129.24503,230710,
CN101050804,tieli,铁力,CN,China,中国,heilongjiang,黑龙江,yichun,伊春,46.98577,128.03056,230781,
CN101050805,jiayin,嘉荫,CN,China,中国,heilongjiang,黑龙江,yichun,伊春,48.891376,130.39769,230722,
CN101050806,nancha,南岔,CN,China,中国,heilongjiang,黑龙江,yichun,伊春,47.137314,129.28246,230703,
CN101050807,youhao,友好,CN,China,中国,heilongjiang,黑龙江,yichun,伊春,47.8543,128.83896,230704,
CN101050808,xilin,西林,CN,China,中国,heilongjiang,黑龙江,yichun,伊春,47.47944,129.31145,230705,
CN101050809,cuiluan,翠峦,CN,China,中国,heilongjiang,黑龙江,yichun,伊春,47.726227,128.67175,230706,
CN101050810,xinqing,新青,CN,China,中国,heilongjiang,黑龙江,yichun,伊春,48.288292,129.52995,230707,
CN101050811,meixi,美溪,CN,China,中国,heilongjiang,黑龙江,yichun,伊春,47.6361,129.1334,230708,
CN101050812,jinshantun,金山屯,CN,China,中国,heilongjiang,黑龙江,yichun,伊春,47.41295,129.43594,230709,
CN101050813,wumahe,乌马河,CN,China,中国,heilongjiang,黑龙江,yichun,伊春,47.72696,128.80295,230711,
CN101050814,tangwanghe,汤旺河,CN,China,中国,heilongjiang,黑龙江,yichun,伊春,48.45365,129.57224,230712,
CN101050815,dailing,带岭,CN,China,中国,heilongjiang,黑龙江,yichun,伊春,47.02753,129.02115,230713,
CN101050816,hongxing,红星,CN,China,中国,heilongjiang,黑龙江,yichun,伊春,48.23837,129.3888,230715,
CN101050817,shangganling,上甘岭,CN,China,中国,heilongjiang,黑龙江,yichun,伊春,47.974857,129.02509,230716,
CN101050901,daqing,大庆,CN,China,中国,heilongjiang,黑龙江,daqing,大庆,46.590733,125.11272,"230601,230600",
CN101050902,lindian,林甸,CN,China,中国,heilongjiang,黑龙江,daqing,大庆,47.186413,124.87774,230623,
CN101050903,zhaozhou,肇州,CN,China,中国,heilongjiang,黑龙江,daqing,大庆,45.708687,125.273254,230621,
CN101050904,zhaoyuan,肇源,CN,China,中国,heilongjiang,黑龙江,daqing,大庆,45.518833,125.08197,230622,
CN101050905,duerbote,杜尔伯特,CN,China,中国,heilongjiang,黑龙江,daqing,大庆,46.865974,124.44626,230624,
CN101050906,saertu,萨尔图,CN,China,中国,heilongjiang,黑龙江,daqing,大庆,46.596355,125.11464,230602,
CN101050907,longfeng,龙凤,CN,China,中国,heilongjiang,黑龙江,daqing,大庆,46.573948,125.1458,230603,
CN101050908,ranghulu,让胡路,CN,China,中国,heilongjiang,黑龙江,daqing,大庆,46.653255,124.86834,230604,
CN101050909,honggang,红岗,CN,China,中国,heilongjiang,黑龙江,daqing,大庆,46.40305,124.88953,230605,
CN101050910,datong,大同,CN,China,中国,heilongjiang,黑龙江,daqing,大庆,46.034306,124.81851,230606,
CN101051001,xinxing,新兴,CN,China,中国,heilongjiang,黑龙江,qitaihe,七台河,45.79426,130.88948,230902,
CN101051002,qitaihe,七台河,CN,China,中国,heilongjiang,黑龙江,qitaihe,七台河,45.771267,131.01558,"230901,230900",
CN101051003,boli,勃利,CN,China,中国,heilongjiang,黑龙江,qitaihe,七台河,45.75157,130.57503,230921,
CN101051004,taoshan,桃山,CN,China,中国,heilongjiang,黑龙江,qitaihe,七台河,45.771217,131.01585,230903,
CN101051005,qiezihe,茄子河,CN,China,中国,heilongjiang,黑龙江,qitaihe,七台河,45.77659,131.07156,230904,
CN101051101,jixi,鸡西,CN,China,中国,heilongjiang,黑龙江,jixi,鸡西,45.300045,130.97597,"230301,230300",
CN101051102,hulin,虎林,CN,China,中国,heilongjiang,黑龙江,jixi,鸡西,45.767986,132.97388,230381,
CN101051103,mishan,密山,CN,China,中国,heilongjiang,黑龙江,jixi,鸡西,45.54725,131.87413,230382,
CN101051104,jidong,鸡东,CN,China,中国,heilongjiang,黑龙江,jixi,鸡西,45.250893,131.14891,230321,
CN101051105,jiguan,鸡冠,CN,China,中国,heilongjiang,黑龙江,jixi,鸡西,45.30034,130.97438,230302,
CN101051106,hengshan,恒山,CN,China,中国,heilongjiang,黑龙江,jixi,鸡西,45.21324,130.91063,230303,
CN101051107,didao,滴道,CN,China,中国,heilongjiang,黑龙江,jixi,鸡西,45.348812,130.84682,230304,
CN101051108,lishu,梨树,CN,China,中国,heilongjiang,黑龙江,jixi,鸡西,45.092194,130.69778,230305,
CN101051109,chengzihe,城子河,CN,China,中国,heilongjiang,黑龙江,jixi,鸡西,45.33825,131.0105,230306,
CN101051110,mashan,麻山,CN,China,中国,heilongjiang,黑龙江,jixi,鸡西,45.209606,130.48112,230307,
CN101051201,hegang,鹤岗,CN,China,中国,heilongjiang,黑龙江,hegang,鹤岗,47.332085,130.27748,"230401,230400",
CN101051202,suibin,绥滨,CN,China,中国,heilongjiang,黑龙江,hegang,鹤岗,47.28989,131.86052,230422,
CN101051203,luobei,萝北,CN,China,中国,heilongjiang,黑龙江,hegang,鹤岗,47.577576,130.82909,230421,
CN101051204,xiangyang,向阳,CN,China,中国,heilongjiang,黑龙江,hegang,鹤岗,47.34537,130.29248,230402,
CN101051205,gongnong,工农,CN,China,中国,heilongjiang,黑龙江,hegang,鹤岗,47.331676,130.27666,230403,
CN101051206,nanshan,南山,CN,China,中国,heilongjiang,黑龙江,hegang,鹤岗,47.31324,130.27553,230404,
CN101051207,xingan,兴安,CN,China,中国,heilongjiang,黑龙江,hegang,鹤岗,47.25291,130.23618,230405,
CN101051208,dongshan,东山,CN,China,中国,heilongjiang,黑龙江,hegang,鹤岗,47.337383,130.31714,230406,
CN101051209,xingshan,兴山,CN,China,中国,heilongjiang,黑龙江,hegang,鹤岗,47.35997,130.30534,230407,
CN101051301,shuangyashan,双鸭山,CN,China,中国,heilongjiang,黑龙江,shuangyashan,双鸭山,46.64344,131.1573,"230501,230500",
CN101051302,jixian,集贤,CN,China,中国,heilongjiang,黑龙江,shuangyashan,双鸭山,46.72898,131.13933,230521,
CN101051303,baoqing,宝清,CN,China,中国,heilongjiang,黑龙江,shuangyashan,双鸭山,46.32878,132.20642,230523,
CN101051304,raohe,饶河,CN,China,中国,heilongjiang,黑龙江,shuangyashan,双鸭山,46.80129,134.02116,230524,
CN101051305,youyi,友谊,CN,China,中国,heilongjiang,黑龙江,shuangyashan,双鸭山,46.775158,131.81062,230522,
CN101051306,jianshan,尖山,CN,China,中国,heilongjiang,黑龙江,shuangyashan,双鸭山,46.64296,131.15897,230502,
CN101051307,lingdong,岭东,CN,China,中国,heilongjiang,黑龙江,shuangyashan,双鸭山,46.591076,131.16368,230503,
CN101051308,sifangtai,四方台,CN,China,中国,heilongjiang,黑龙江,shuangyashan,双鸭山,46.594345,131.33318,230505,
CN101051309,baoshan,宝山,CN,China,中国,heilongjiang,黑龙江,shuangyashan,双鸭山,46.573364,131.4043,230506,
CN101060101,changchun,长春,CN,China,中国,jilin,吉林,changchun,长春,43.88684,125.3245,"220101,220100,220000",
CN101060102,nongan,农安,CN,China,中国,jilin,吉林,changchun,长春,44.43126,125.175285,220122,
CN101060103,dehui,德惠,CN,China,中国,jilin,吉林,changchun,长春,44.53391,125.70332,220183,
CN101060104,jiutai,九台,CN,China,中国,jilin,吉林,changchun,长春,44.157154,125.84468,220113,
CN101060105,yushu,榆树,CN,China,中国,jilin,吉林,changchun,长春,44.82764,126.55011,220182,
CN101060106,shuangyang,双阳,CN,China,中国,jilin,吉林,changchun,长春,43.52517,125.65902,220112,
CN101060107,erdao,二道,CN,China,中国,jilin,吉林,changchun,长春,43.870823,125.38473,220105,
CN101060108,nanguan,南关,CN,China,中国,jilin,吉林,changchun,长春,43.890236,125.337234,220102,
CN101060109,kuancheng,宽城,CN,China,中国,jilin,吉林,changchun,长春,43.903824,125.34283,220103,
CN101060110,chaoyang,朝阳,CN,China,中国,jilin,吉林,changchun,长春,43.86491,125.31804,220104,
CN101060111,lvyuan,绿园,CN,China,中国,jilin,吉林,changchun,长春,43.892178,125.27247,220106,
CN101060201,jilin,吉林,CN,China,中国,jilin,吉林,jilin,吉林,43.84358,126.55302,"220201,220200",
CN101060202,shulan,舒兰,CN,China,中国,jilin,吉林,jilin,吉林,44.410908,126.947815,220283,
CN101060203,yongji,永吉,CN,China,中国,jilin,吉林,jilin,吉林,43.667416,126.501625,220221,
CN101060204,jiaohe,蛟河,CN,China,中国,jilin,吉林,jilin,吉林,43.720577,127.342735,220281,
CN101060205,panshi,磐石,CN,China,中国,jilin,吉林,jilin,吉林,42.942474,126.05993,220284,
CN101060206,huadian,桦甸,CN,China,中国,jilin,吉林,jilin,吉林,42.97209,126.745445,220282,
CN101060207,changyi,昌邑,CN,China,中国,jilin,吉林,jilin,吉林,43.851116,126.57076,220202,
CN101060208,longtan,龙潭,CN,China,中国,jilin,吉林,jilin,吉林,43.909756,126.56143,220203,
CN101060209,chuanying,船营,CN,China,中国,jilin,吉林,jilin,吉林,43.843803,126.55239,220204,
CN101060210,fengman,丰满,CN,China,中国,jilin,吉林,jilin,吉林,43.816593,126.56076,220211,
CN101060301,yanji,延吉,CN,China,中国,jilin,吉林,yanbian,延边,42.906963,129.5158,222401,
CN101060302,dunhua,敦化,CN,China,中国,jilin,吉林,yanbian,延边,43.36692,128.22986,222403,
CN101060303,antu,安图,CN,China,中国,jilin,吉林,yanbian,延边,43.110992,128.90187,222426,
CN101060304,wangqing,汪清,CN,China,中国,jilin,吉林,yanbian,延边,43.315426,129.76616,222424,
CN101060305,helong,和龙,CN,China,中国,jilin,吉林,yanbian,延边,42.547005,129.00874,222406,
CN101060306,yanbian,延边,CN,China,中国,jilin,吉林,yanbian,延边,42.904823,129.51323,222400,
CN101060307,longjing,龙井,CN,China,中国,jilin,吉林,yanbian,延边,42.77103,129.42575,222405,
CN101060308,hunchun,珲春,CN,China,中国,jilin,吉林,yanbian,延边,42.871056,130.36578,222404,
CN101060309,tumen,图们,CN,China,中国,jilin,吉林,yanbian,延边,42.96662,129.8467,222402,
CN101060401,siping,四平,CN,China,中国,jilin,吉林,siping,四平,43.170345,124.37079,"220301,220300",
CN101060402,shuangliao,双辽,CN,China,中国,jilin,吉林,siping,四平,43.518276,123.50528,220382,
CN101060403,lishu,梨树,CN,China,中国,jilin,吉林,siping,四平,43.30831,124.3358,220322,
CN101060404,gongzhuling,公主岭,CN,China,中国,jilin,吉林,siping,四平,43.509476,124.81759,220381,
CN101060405,yitong,伊通,CN,China,中国,jilin,吉林,siping,四平,43.345463,125.30312,220323,
CN101060406,tiexi,铁西,CN,China,中国,jilin,吉林,siping,四平,43.17626,124.36089,220302,
CN101060407,tiedong,铁东,CN,China,中国,jilin,吉林,siping,四平,43.16726,124.388466,220303,
CN101060501,tonghua,通化,CN,China,中国,jilin,吉林,tonghua,通化,41.721176,125.9365,"220501,220500",
CN101060502,meihekou,梅河口,CN,China,中国,jilin,吉林,tonghua,通化,42.530003,125.68734,220581,
CN101060503,liuhe,柳河,CN,China,中国,jilin,吉林,tonghua,通化,42.281483,125.74054,220524,
CN101060504,huinan,辉南,CN,China,中国,jilin,吉林,tonghua,通化,42.68346,126.04282,220523,
CN101060505,jian,集安,CN,China,中国,jilin,吉林,tonghua,通化,41.126274,126.1862,220582,
CN101060506,tonghuaxian,通化县,CN,China,中国,jilin,吉林,tonghua,通化,41.677917,125.75312,220521,
CN101060507,dongchang,东昌,CN,China,中国,jilin,吉林,tonghua,通化,41.721233,125.936714,220502,
CN101060508,erdaojiang,二道江,CN,China,中国,jilin,吉林,tonghua,通化,41.777565,126.04599,220503,
CN101060601,baicheng,白城,CN,China,中国,jilin,吉林,baicheng,白城,45.619026,122.84111,"220801,220800",
CN101060602,taonan,洮南,CN,China,中国,jilin,吉林,baicheng,白城,45.33911,122.783775,220881,
CN101060603,daan,大安,CN,China,中国,jilin,吉林,baicheng,白城,45.50765,124.29151,220882,
CN101060604,zhenlai,镇赉,CN,China,中国,jilin,吉林,baicheng,白城,45.84609,123.20225,220821,
CN101060605,tongyu,通榆,CN,China,中国,jilin,吉林,baicheng,白城,44.80915,123.08855,220822,
CN101060606,taobei,洮北,CN,China,中国,jilin,吉林,baicheng,白城,45.61925,122.8425,220802,
CN101060701,liaoyuan,辽源,CN,China,中国,jilin,吉林,liaoyuan,辽源,42.90269,125.14535,"220401,220400",
CN101060702,dongfeng,东丰,CN,China,中国,jilin,吉林,liaoyuan,辽源,42.67523,125.529625,220421,
CN101060703,dongliao,东辽,CN,China,中国,jilin,吉林,liaoyuan,辽源,42.927723,124.992,220422,
CN101060704,longshan,龙山,CN,China,中国,jilin,吉林,liaoyuan,辽源,42.902702,125.145164,220402,
CN101060705,xian,西安,CN,China,中国,jilin,吉林,liaoyuan,辽源,42.920414,125.15142,220403,
CN101060801,songyuan,松原,CN,China,中国,jilin,吉林,songyuan,松原,45.118244,124.82361,"220701,220700",
CN101060802,qianan,乾安,CN,China,中国,jilin,吉林,songyuan,松原,45.006847,124.02436,220723,
CN101060803,qianguo,前郭,CN,China,中国,jilin,吉林,songyuan,松原,45.116287,124.826805,220721,
CN101060804,changling,长岭,CN,China,中国,jilin,吉林,songyuan,松原,44.27658,123.98518,220722,
CN101060805,fuyu,扶余,CN,China,中国,jilin,吉林,songyuan,松原,44.9862,126.042755,220781,
CN101060806,ningjiang,宁江,CN,China,中国,jilin,吉林,songyuan,松原,45.1765,124.82785,220702,
CN101060901,baishan,白山,CN,China,中国,jilin,吉林,baishan,白山,41.942505,126.42784,"220601,220600",
CN101060902,jingyu,靖宇,CN,China,中国,jilin,吉林,baishan,白山,42.38969,126.80839,220622,
CN101060903,linjiang,临江,CN,China,中国,jilin,吉林,baishan,白山,41.810688,126.9193,220681,
CN101060904,donggang,东岗,CN,China,中国,jilin,吉林,baishan,白山,41.994892,126.64931,220605,
CN101060905,changbai,长白,CN,China,中国,jilin,吉林,baishan,白山,41.41936,128.20338,220623,
CN101060906,fusong,抚松,CN,China,中国,jilin,吉林,baishan,白山,42.33264,127.273796,220621,
CN101060907,jiangyuan,江源,CN,China,中国,jilin,吉林,baishan,白山,42.048107,126.58423,220605,
CN101060908,hunjiang,浑江,CN,China,中国,jilin,吉林,baishan,白山,41.943066,126.42803,220602,
CN101070101,shenyang,沈阳,CN,China,中国,liaoning,辽宁,shenyang,沈阳,41.79677,123.42909,"210101,210100,210000",
CN101070102,hunnan,浑南,CN,China,中国,liaoning,辽宁,shenyang,沈阳,41.741947,123.458984,210112,
CN101070103,liaozhong,辽中,CN,China,中国,liaoning,辽宁,shenyang,沈阳,41.512726,122.73127,210115,
CN101070104,kangping,康平,CN,China,中国,liaoning,辽宁,shenyang,沈阳,42.74153,123.3527,210123,
CN101070105,faku,法库,CN,China,中国,liaoning,辽宁,shenyang,沈阳,42.507046,123.416725,210124,
CN101070106,xinmin,新民,CN,China,中国,liaoning,辽宁,shenyang,沈阳,41.99651,122.828865,210181,
CN101070107,heping,和平,CN,China,中国,liaoning,辽宁,shenyang,沈阳,41.788074,123.40666,210102,
CN101070108,shenhe,沈河,CN,China,中国,liaoning,辽宁,shenyang,沈阳,41.79559,123.445694,210103,
CN101070109,dadong,大东,CN,China,中国,liaoning,辽宁,shenyang,沈阳,41.808502,123.469955,210104,
CN101070110,huanggu,皇姑,CN,China,中国,liaoning,辽宁,shenyang,沈阳,41.822334,123.40568,210105,
CN101070111,tiexi,铁西,CN,China,中国,liaoning,辽宁,shenyang,沈阳,41.787807,123.35066,210106,
CN101070112,sujiatun,苏家屯,CN,China,中国,liaoning,辽宁,shenyang,沈阳,41.665905,123.341606,210111,
CN101070113,shenbeixinqu,沈北新区,CN,China,中国,liaoning,辽宁,shenyang,沈阳,42.05231,123.52147,210113,
CN101070114,yuhong,于洪,CN,China,中国,liaoning,辽宁,shenyang,沈阳,41.795834,123.31083,210114,
CN101070201,dalian,大连,CN,China,中国,liaoning,辽宁,dalian,大连,38.91459,121.61862,"210201,210200",
CN101070202,wafangdian,瓦房店,CN,China,中国,liaoning,辽宁,dalian,大连,39.63065,122.002655,210281,
CN101070203,jinzhou,金州,CN,China,中国,liaoning,辽宁,dalian,大连,39.052746,121.78941,210213,
CN101070204,pulandian,普兰店,CN,China,中国,liaoning,辽宁,dalian,大连,39.401554,121.9705,210214,
CN101070205,lvshun,旅顺,CN,China,中国,liaoning,辽宁,dalian,大连,38.812042,121.26713,210212,
CN101070206,changhai,长海,CN,China,中国,liaoning,辽宁,dalian,大连,39.2724,122.58782,210224,
CN101070207,zhuanghe,庄河,CN,China,中国,liaoning,辽宁,dalian,大连,39.69829,122.97061,210283,
CN101070208,zhongshan,中山,CN,China,中国,liaoning,辽宁,dalian,大连,38.921555,121.64376,210202,
CN101070209,xigang,西岗,CN,China,中国,liaoning,辽宁,dalian,大连,38.914265,121.61611,210203,
CN101070210,shahekou,沙河口,CN,China,中国,liaoning,辽宁,dalian,大连,38.91286,121.593704,210204,
CN101070211,ganjingzi,甘井子,CN,China,中国,liaoning,辽宁,dalian,大连,38.975147,121.58261,210211,
CN101070301,anshan,鞍山,CN,China,中国,liaoning,辽宁,anshan,鞍山,41.110626,122.99563,"210301,210300",
CN101070302,taian,台安,CN,China,中国,liaoning,辽宁,anshan,鞍山,41.38686,122.42973,210321,
CN101070303,xiuyan,岫岩,CN,China,中国,liaoning,辽宁,anshan,鞍山,40.28151,123.28833,210323,
CN101070304,haicheng,海城,CN,China,中国,liaoning,辽宁,anshan,鞍山,40.85253,122.7522,210381,
CN101070305,tiedong,铁东,CN,China,中国,liaoning,辽宁,anshan,鞍山,41.110344,122.99448,210302,
CN101070306,tiexi,铁西,CN,China,中国,liaoning,辽宁,anshan,鞍山,41.11069,122.97183,210303,
CN101070307,lishan,立山,CN,China,中国,liaoning,辽宁,anshan,鞍山,41.150623,123.0248,210304,
CN101070308,qianshan,千山,CN,China,中国,liaoning,辽宁,anshan,鞍山,41.06891,122.949295,210311,
CN101070401,fushun,抚顺,CN,China,中国,liaoning,辽宁,fushun,抚顺,41.922646,124.09798,"210401,210400,210421",
CN101070402,xinbin,新宾,CN,China,中国,liaoning,辽宁,fushun,抚顺,41.732456,125.037544,210422,
CN101070403,qingyuan,清原,CN,China,中国,liaoning,辽宁,fushun,抚顺,42.10135,124.92719,210423,
CN101070405,xinfu,新抚,CN,China,中国,liaoning,辽宁,fushun,抚顺,41.86082,123.902855,210402,
CN101070406,dongzhou,东洲,CN,China,中国,liaoning,辽宁,fushun,抚顺,41.86683,124.04722,210403,
CN101070407,wanghua,望花,CN,China,中国,liaoning,辽宁,fushun,抚顺,41.851803,123.801506,210404,
CN101070408,shuncheng,顺城,CN,China,中国,liaoning,辽宁,fushun,抚顺,41.88113,123.91717,210411,
CN101070501,benxi,本溪,CN,China,中国,liaoning,辽宁,benxi,本溪,41.29791,123.770515,"210501,210500",
CN101070502,benxixian,本溪县,CN,China,中国,liaoning,辽宁,benxi,本溪,41.18,124.17,210521,
CN101070503,pingshan,平山,CN,China,中国,liaoning,辽宁,benxi,本溪,41.29158,123.76123,210502,
CN101070504,huanren,桓仁,CN,China,中国,liaoning,辽宁,benxi,本溪,41.268997,125.35919,210522,
CN101070505,xihu,溪湖,CN,China,中国,liaoning,辽宁,benxi,本溪,41.330055,123.76523,210503,
CN101070506,mingshan,明山,CN,China,中国,liaoning,辽宁,benxi,本溪,41.30243,123.76329,210504,
CN101070507,nanfen,南芬,CN,China,中国,liaoning,辽宁,benxi,本溪,41.10409,123.74838,210505,
CN101070601,dandong,丹东,CN,China,中国,liaoning,辽宁,dandong,丹东,40.124294,124.38304,"210601,210600",
CN101070602,fengcheng,凤城,CN,China,中国,liaoning,辽宁,dandong,丹东,40.457565,124.07107,210682,
CN101070603,kuandian,宽甸,CN,China,中国,liaoning,辽宁,dandong,丹东,40.73041,124.78487,210624,
CN101070604,donggang,东港,CN,China,中国,liaoning,辽宁,dandong,丹东,39.88347,124.14944,210681,
CN101070605,yuanbao,元宝,CN,China,中国,liaoning,辽宁,dandong,丹东,40.136482,124.39781,210602,
CN101070606,zhenxing,振兴,CN,China,中国,liaoning,辽宁,dandong,丹东,40.102802,124.36115,210603,
CN101070607,zhenan,振安,CN,China,中国,liaoning,辽宁,dandong,丹东,40.158558,124.42771,210604,
CN101070701,jinzhou,锦州,CN,China,中国,liaoning,辽宁,jinzhou,锦州,41.11927,121.13574,"210701,210700",
CN101070702,linghai,凌海,CN,China,中国,liaoning,辽宁,jinzhou,锦州,41.171738,121.364235,210781,
CN101070703,guta,古塔,CN,China,中国,liaoning,辽宁,jinzhou,锦州,41.11572,121.13009,210702,
CN101070704,yixian,义县,CN,China,中国,liaoning,辽宁,jinzhou,锦州,41.537224,121.24283,210727,
CN101070705,heishan,黑山,CN,China,中国,liaoning,辽宁,jinzhou,锦州,41.691803,122.11791,210726,
CN101070706,beizhen,北镇,CN,China,中国,liaoning,辽宁,jinzhou,锦州,41.598763,121.79596,210782,
CN101070707,linghe,凌河,CN,China,中国,liaoning,辽宁,jinzhou,锦州,41.114662,121.151306,210703,
CN101070708,taihe,太和,CN,China,中国,liaoning,辽宁,jinzhou,锦州,41.105377,121.1073,210711,
CN101070801,yingkou,营口,CN,China,中国,liaoning,辽宁,yingkou,营口,40.66743,122.23515,"210801,210800",
CN101070802,dashiqiao,大石桥,CN,China,中国,liaoning,辽宁,yingkou,营口,40.633972,122.5059,210882,
CN101070803,gaizhou,盖州,CN,China,中国,liaoning,辽宁,yingkou,营口,40.405235,122.35554,210881,
CN101070804,zhanqian,站前,CN,China,中国,liaoning,辽宁,yingkou,营口,40.66995,122.253235,210802,
CN101070805,xishi,西市,CN,China,中国,liaoning,辽宁,yingkou,营口,40.663086,122.21007,210803,
CN101070806,bayuquan,鲅鱼圈,CN,China,中国,liaoning,辽宁,yingkou,营口,40.263645,122.12724,210804,
CN101070807,laobian,老边,CN,China,中国,liaoning,辽宁,yingkou,营口,40.682724,122.38258,210811,
CN101070901,fuxin,阜新,CN,China,中国,liaoning,辽宁,fuxin,阜新,42.058605,121.743126,"210901,210900,210921",
CN101070902,zhangwu,彰武,CN,China,中国,liaoning,辽宁,fuxin,阜新,42.384823,122.537445,210922,
CN101070903,haizhou,海州,CN,China,中国,liaoning,辽宁,fuxin,阜新,42.01116,121.65764,210902,
CN101070904,xinqiu,新邱,CN,China,中国,liaoning,辽宁,fuxin,阜新,42.0866,121.79054,210903,
CN101070905,taiping,太平,CN,China,中国,liaoning,辽宁,fuxin,阜新,42.011147,121.677574,210904,
CN101070906,qinghemen,清河门,CN,China,中国,liaoning,辽宁,fuxin,阜新,41.780476,121.42018,210905,
CN101070907,xihe,细河,CN,China,中国,liaoning,辽宁,fuxin,阜新,42.01922,121.65479,210911,
CN101071001,liaoyang,辽阳,CN,China,中国,liaoning,辽宁,liaoyang,辽阳,41.2694,123.18152,"211001,211000",
CN101071002,liaoyangxian,辽阳县,CN,China,中国,liaoning,辽宁,liaoyang,辽阳,41.21648,123.07967,211021,
CN101071003,dengta,灯塔,CN,China,中国,liaoning,辽宁,liaoyang,辽阳,41.427837,123.32587,211081,
CN101071004,gongchangling,弓长岭,CN,China,中国,liaoning,辽宁,liaoyang,辽阳,41.15783,123.43163,211005,
CN101071005,baita,白塔,CN,China,中国,liaoning,辽宁,liaoyang,辽阳,41.26745,123.17261,211002,
CN101071006,wensheng,文圣,CN,China,中国,liaoning,辽宁,liaoyang,辽阳,41.266766,123.188225,211003,
CN101071007,hongwei,宏伟,CN,China,中国,liaoning,辽宁,liaoyang,辽阳,41.205746,123.20046,211004,
CN101071008,taizihe,太子河,CN,China,中国,liaoning,辽宁,liaoyang,辽阳,41.251682,123.18533,211011,
CN101071101,tieling,铁岭,CN,China,中国,liaoning,辽宁,tieling,铁岭,42.223316,123.72567,"211201,211200,211221",
CN101071102,kaiyuan,开原,CN,China,中国,liaoning,辽宁,tieling,铁岭,42.54214,124.04555,211282,
CN101071103,changtu,昌图,CN,China,中国,liaoning,辽宁,tieling,铁岭,42.784443,124.11017,211224,
CN101071104,xifeng,西丰,CN,China,中国,liaoning,辽宁,tieling,铁岭,42.73809,124.72332,211223,
CN101071105,tiefa,调兵山,CN,China,中国,liaoning,辽宁,tieling,铁岭,42.450733,123.545364,211281,
CN101071106,yinzhou,银州,CN,China,中国,liaoning,辽宁,tieling,铁岭,42.29228,123.84488,211202,
CN101071107,qinghe,清河,CN,China,中国,liaoning,辽宁,tieling,铁岭,42.542976,124.14896,211204,
CN101071201,chaoyang,朝阳,CN,China,中国,liaoning,辽宁,chaoyang,朝阳,41.57676,120.45118,"211301,211300,211321",
CN101071202,shuangta,双塔,CN,China,中国,liaoning,辽宁,chaoyang,朝阳,41.579388,120.44877,211302,
CN101071203,lingyuan,凌源,CN,China,中国,liaoning,辽宁,chaoyang,朝阳,41.243088,119.40479,211382,
CN101071204,kazuo,喀左,CN,China,中国,liaoning,辽宁,chaoyang,朝阳,41.05,119.43,211324,
CN101071205,beipiao,北票,CN,China,中国,liaoning,辽宁,chaoyang,朝阳,41.803288,120.76695,211381,
CN101071206,longcheng,龙城,CN,China,中国,liaoning,辽宁,chaoyang,朝阳,41.576748,120.413376,211303,
CN101071207,jianpingxian,建平县,CN,China,中国,liaoning,辽宁,chaoyang,朝阳,41.402576,119.642365,211322,
CN101071301,panjin,盘锦,CN,China,中国,liaoning,辽宁,panjin,盘锦,41.124485,122.06957,"211101,211100",
CN101071302,dawa,大洼,CN,China,中国,liaoning,辽宁,panjin,盘锦,40.994427,122.07171,211104,
CN101071303,panshan,盘山,CN,China,中国,liaoning,辽宁,panjin,盘锦,41.2407,121.98528,211122,
CN101071304,shuangtaizi,双台子,CN,China,中国,liaoning,辽宁,panjin,盘锦,41.190365,122.05573,211102,
CN101071305,xinglongtai,兴隆台,CN,China,中国,liaoning,辽宁,panjin,盘锦,41.12242,122.071625,211103,
CN101071401,huludao,葫芦岛,CN,China,中国,liaoning,辽宁,huludao,葫芦岛,40.755573,120.85639,"211401,211400",
CN101071402,jianchang,建昌,CN,China,中国,liaoning,辽宁,huludao,葫芦岛,40.81287,119.80778,211422,
CN101071403,suizhong,绥中,CN,China,中国,liaoning,辽宁,huludao,葫芦岛,40.328407,120.34211,211421,
CN101071404,xingcheng,兴城,CN,China,中国,liaoning,辽宁,huludao,葫芦岛,40.61941,120.72936,211481,
CN101071405,lianshan,连山,CN,China,中国,liaoning,辽宁,huludao,葫芦岛,40.755142,120.85937,211402,
CN101071406,longgang,龙港,CN,China,中国,liaoning,辽宁,huludao,葫芦岛,40.70999,120.83857,211403,
CN101071407,nanpiao,南票,CN,China,中国,liaoning,辽宁,huludao,葫芦岛,41.098812,120.75231,211404,
CN101080101,huhehaote,呼和浩特,CN,China,中国,neimenggu,内蒙古,huhehaote,呼和浩特,40.81831,111.6708,"150101,150100,150000",
CN101080102,tuzuoqi,土左旗,CN,China,中国,neimenggu,内蒙古,huhehaote,呼和浩特,40.41,111.09,150121,
CN101080103,tuoxian,托县,CN,China,中国,neimenggu,内蒙古,huhehaote,呼和浩特,40.16,111.11,150122,
CN101080104,helin,和林,CN,China,中国,neimenggu,内蒙古,huhehaote,呼和浩特,40.380287,111.82414,150123,
CN101080105,qingshuihe,清水河,CN,China,中国,neimenggu,内蒙古,huhehaote,呼和浩特,39.91248,111.67222,150124,
CN101080106,saihan,赛罕,CN,China,中国,neimenggu,内蒙古,huhehaote,呼和浩特,40.807835,111.69846,150105,
CN101080107,wuchuan,武川,CN,China,中国,neimenggu,内蒙古,huhehaote,呼和浩特,41.094482,111.456566,150125,
CN101080108,xincheng,新城,CN,China,中国,namenggu,内蒙古,huhehaote,呼和浩特,40.826225,111.68597,150102,
CN101080109,huimin,回民,CN,China,中国,namenggu,内蒙古,huhehaote,呼和浩特,40.815147,111.66216,150103,
CN101080110,yuquan,玉泉,CN,China,中国,namenggu,内蒙古,huhehaote,呼和浩特,40.79942,111.66543,150104,
CN101080201,baotou,包头,CN,China,中国,neimenggu,内蒙古,baotou,包头,40.65817,109.84041,"150201,150200",
CN101080202,baiyunebo,白云鄂博,CN,China,中国,neimenggu,内蒙古,baotou,包头,41.769245,109.97016,150206,
CN101080203,mandula,满都拉,CN,China,中国,neimenggu,内蒙古,baotou,包头,42.53366,110.12258,150223,
CN101080204,tuyouqi,土右旗,CN,China,中国,neimenggu,内蒙古,baotou,包头,40.33,110.32,150221,
CN101080205,guyang,固阳,CN,China,中国,neimenggu,内蒙古,baotou,包头,41.030003,110.06342,150222,
CN101080206,damaoqi,达茂旗,CN,China,中国,neimenggu,内蒙古,baotou,包头,41.42,110.26,150223,
CN101080207,xilamuren,希拉穆仁,CN,China,中国,neimenggu,内蒙古,wulanchabu,包头,41.32316,111.23631,150223,
CN101080208,donghe,东河,CN,China,中国,namenggu,内蒙古,baotou,包头,40.587055,110.02689,150202,
CN101080209,kundoulun,昆都仑,CN,China,中国,namenggu,内蒙古,baotou,包头,40.661346,109.82293,150203,
CN101080210,qingshan,青山,CN,China,中国,namenggu,内蒙古,baotou,包头,40.668556,109.88005,150204,
CN101080211,shiguai,石拐,CN,China,中国,namenggu,内蒙古,baotou,包头,40.672092,110.27257,150205,
CN101080212,jiuyuan,九原,CN,China,中国,namenggu,内蒙古,baotou,包头,40.600582,109.968124,150207,
CN101080301,wuhai,乌海,CN,China,中国,neimenggu,内蒙古,wuhai,乌海,39.673733,106.82556,"150301,150300",
CN101080302,haibowan,海勃湾,CN,China,中国,namenggu,内蒙古,wuhai,乌海,39.673527,106.817764,150302,
CN101080303,hainan,海南,CN,China,中国,namenggu,内蒙古,wuhai,乌海,39.44153,106.88479,150303,
CN101080304,wuda,乌达,CN,China,中国,namenggu,内蒙古,wuhai,乌海,39.50229,106.72271,150304,
CN101080401,jining,集宁,CN,China,中国,neimenggu,内蒙古,wulanchabu,乌兰察布,41.034134,113.116455,150902,
CN101080402,zhuozi,卓资,CN,China,中国,neimenggu,内蒙古,wulanchabu,乌兰察布,40.89576,112.577705,150921,
CN101080403,huade,化德,CN,China,中国,neimenggu,内蒙古,wulanchabu,乌兰察布,41.899334,114.01008,150922,
CN101080404,shangdu,商都,CN,China,中国,neimenggu,内蒙古,wulanchabu,乌兰察布,41.56016,113.560646,150923,
CN101080405,wulanchabu,乌兰察布,CN,China,中国,namenggu,内蒙古,wulanchabu,乌兰察布,41.034126,113.11454,"150901,150900",
CN101080406,xinghe,兴和,CN,China,中国,neimenggu,内蒙古,wulanchabu,乌兰察布,40.872437,113.83401,150924,
CN101080407,liangcheng,凉城,CN,China,中国,neimenggu,内蒙古,wulanchabu,乌兰察布,40.531628,112.50091,150925,
CN101080408,chayouqianqi,察右前旗,CN,China,中国,neimenggu,内蒙古,wulanchabu,乌兰察布,40.48,113.13,150926,
CN101080409,chayouzhongqi,察右中旗,CN,China,中国,neimenggu,内蒙古,wulanchabu,乌兰察布,41.16,112.37,150927,
CN101080410,chayouhouqi,察右后旗,CN,China,中国,neimenggu,内蒙古,wulanchabu,乌兰察布,41.27,113.11,150928,
CN101080411,siziwangqi,四子王旗,CN,China,中国,neimenggu,内蒙古,wulanchabu,乌兰察布,41.528114,111.70123,150929,
CN101080412,fengzhen,丰镇,CN,China,中国,neimenggu,内蒙古,wulanchabu,乌兰察布,40.437534,113.16346,150981,
CN101080501,tongliao,通辽,CN,China,中国,neimenggu,内蒙古,tongliao,通辽,43.617428,122.26312,"150501,150500",
CN101080502,shebotu,舍伯吐,CN,China,中国,neimenggu,内蒙古,tongliao,通辽,44.03114,121.99002,150521,
CN101080503,kezuozhongqi,科左中旗,CN,China,中国,neimenggu,内蒙古,tongliao,通辽,44.08,123.18,150521,
CN101080504,kezuohouqi,科左后旗,CN,China,中国,neimenggu,内蒙古,tongliao,通辽,42.58,122.21,150522,
CN101080505,qinglongshan,青龙山,CN,China,中国,neimenggu,内蒙古,tongliao,通辽,42.395172,121.039665,150525,
CN101080506,kailu,开鲁,CN,China,中国,neimenggu,内蒙古,tongliao,通辽,43.602432,121.3088,150523,
CN101080507,kulun,库伦,CN,China,中国,neimenggu,内蒙古,tongliao,通辽,42.73469,121.77489,150524,
CN101080508,naiman,奈曼,CN,China,中国,neimenggu,内蒙古,tongliao,通辽,42.84685,120.662544,150525,
CN101080509,zhalute,扎鲁特,CN,China,中国,neimenggu,内蒙古,tongliao,通辽,44.555294,120.90527,150526,
CN101080510,keerqin,科尔沁,CN,China,中国,namenggu,内蒙古,tongliao,通辽,45.059647,121.47282,150502,
CN101080511,bayaertuhushuo,巴雅尔吐胡硕,CN,China,中国,neimenggu,内蒙古,tongliao,通辽,45.069443,120.33295,150526,
CN101080512,huolinguole,霍林郭勒,CN,China,中国,neimenggu,内蒙古,tongliao,通辽,45.53236,119.65786,150581,
CN101080601,chifeng,赤峰,CN,China,中国,neimenggu,内蒙古,chifeng,赤峰,42.27532,118.9568,"150401,150400",
CN101080602,hongshan,红山,CN,China,中国,namenggu,内蒙古,chifeng,赤峰,42.269733,118.96109,150402,
CN101080603,aluqi,阿鲁旗,CN,China,中国,neimenggu,内蒙古,chifeng,赤峰,43.53,120.03,150421,
CN101080605,balinzuoqi,巴林左旗,CN,China,中国,neimenggu,内蒙古,chifeng,赤峰,43.980717,119.39174,150422,
CN101080606,balinyouqi,巴林右旗,CN,China,中国,neimenggu,内蒙古,chifeng,赤峰,43.52896,118.678345,150423,
CN101080607,linxi,林西,CN,China,中国,neimenggu,内蒙古,chifeng,赤峰,43.605328,118.05775,150424,
CN101080608,keshiketeng,克什克腾,CN,China,中国,neimenggu,内蒙古,chifeng,赤峰,43.256233,117.542465,150425,
CN101080609,wengniute,翁牛特,CN,China,中国,neimenggu,内蒙古,chifeng,赤峰,42.937126,119.02262,150426,
CN101080610,gangzi,岗子,CN,China,中国,neimenggu,内蒙古,chifeng,赤峰,42.56465,118.42989,150404,
CN101080611,kalaqin,喀喇沁,CN,China,中国,neimenggu,内蒙古,chifeng,赤峰,41.92778,118.70857,150428,
CN101080612,balihan,八里罕,CN,China,中国,neimenggu,内蒙古,chifeng,赤峰,41.51674,118.75042,150429,
CN101080613,ningcheng,宁城,CN,China,中国,neimenggu,内蒙古,chifeng,赤峰,41.598694,119.33924,150429,
CN101080614,aohan,敖汉,CN,China,中国,neimenggu,内蒙古,chifeng,赤峰,42.28701,119.90649,150430,
CN101080616,yuanbaoshan,元宝山,CN,China,中国,namenggu,内蒙古,chifeng,赤峰,42.04117,119.28988,150403,
CN101080617,songshan,松山,CN,China,中国,namenggu,内蒙古,chifeng,赤峰,42.281048,118.93896,150404,
CN101080618,fuhe,富河,CN,China,中国,neimenggu,内蒙古,chifeng,赤峰,44.452843,119.29289,150422,
CN101080619,baoguotu,宝国图,CN,China,中国,neimenggu,内蒙古,chifeng,赤峰,42.32052,120.69266,150430,
CN101080701,eerduosi,鄂尔多斯,CN,China,中国,neimenggu,内蒙古,eerduosi,鄂尔多斯,39.81718,109.99029,"150601,150600,150603",
CN101080703,dalate,达拉特,CN,China,中国,neimenggu,内蒙古,eerduosi,鄂尔多斯,40.404076,110.04028,150621,
CN101080704,zhungeer,准格尔,CN,China,中国,neimenggu,内蒙古,eerduosi,鄂尔多斯,39.86522,111.238335,150622,
CN101080705,eqianqi,鄂前旗,CN,China,中国,neimenggu,内蒙古,eerduosi,鄂尔多斯,38.11,107.29,150623,
CN101080706,henan,河南,CN,China,中国,neimenggu,内蒙古,eerduosi,鄂尔多斯,37.8581,108.7311,150626,
CN101080707,yihewusu,伊和乌素,CN,China,中国,neimenggu,内蒙古,eerduosi,鄂尔多斯,39.69578,109.22149,150625,
CN101080708,etuoke,鄂托克,CN,China,中国,neimenggu,内蒙古,eerduosi,鄂尔多斯,39.095753,107.982605,150624,
CN101080709,hangjinqi,杭锦旗,CN,China,中国,neimenggu,内蒙古,eerduosi,鄂尔多斯,39.831787,108.73632,150625,
CN101080710,wushenqi,乌审旗,CN,China,中国,neimenggu,内蒙古,eerduosi,鄂尔多斯,38.59661,108.84245,150626,
CN101080711,yijinhuoluo,伊金霍洛,CN,China,中国,neimenggu,内蒙古,eerduosi,鄂尔多斯,39.604313,109.7874,150627,
CN101080712,wushenzhao,乌审召,CN,China,中国,neimenggu,内蒙古,eerduosi,鄂尔多斯,39.219353,109.016396,150626,
CN101080713,dongsheng,东胜,CN,China,中国,neimenggu,内蒙古,eerduosi,鄂尔多斯,39.81788,109.98945,150602,
CN101080714,kangbashi,康巴什,CN,China,中国,neimenggu,内蒙古,eerduosi,鄂尔多斯,39.608303,109.781555,150603,
CN101080801,linhe,临河,CN,China,中国,neimenggu,内蒙古,bayannaoer,巴彦淖尔,40.75709,107.417015,150802,
CN101080802,wuyuan,五原,CN,China,中国,neimenggu,内蒙古,bayannaoer,巴彦淖尔,41.097637,108.27066,150821,
CN101080803,dengkou,磴口,CN,China,中国,neimenggu,内蒙古,bayannaoer,巴彦淖尔,40.33048,107.00606,150822,
CN101080804,wuqianqi,乌前旗,CN,China,中国,neimenggu,内蒙古,bayannaoer,巴彦淖尔,40.44,108.39,150823,
CN101080805,dashetai,大佘太,CN,China,中国,neimenggu,内蒙古,bayannaoer,巴彦淖尔,41.02305,109.1458,150823,
CN101080806,wuzhongqi,乌中旗,CN,China,中国,neimenggu,内蒙古,bayannaoer,巴彦淖尔,41.34,108.31,150824,
CN101080807,wuhouqi,乌后旗,CN,China,中国,neimenggu,内蒙古,bayannaoer,巴彦淖尔,41.27,106.59,150825,
CN101080808,hailisu,海力素,CN,China,中国,neimenggu,内蒙古,bayannaoer,巴彦淖尔,41.64086,106.8967,150825,
CN101080809,narenbaolige,那仁宝力格,CN,China,中国,neimenggu,内蒙古,bayannaoer,巴彦淖尔,41.14622,106.45576,150825,
CN101080810,hangjinhouqi,杭锦后旗,CN,China,中国,neimenggu,内蒙古,bayannaoer,巴彦淖尔,40.888798,107.14768,150826,
CN101080811,bayannaoer,巴彦淖尔,CN,China,中国,namenggu,内蒙古,bayannaoer,巴彦淖尔,40.7574,107.41696,"150801,150800",
CN101080901,xilinhaote,锡林浩特,CN,China,中国,neimenggu,内蒙古,xilinguole,锡林郭勒,43.9443,116.0919,152502,
CN101080902,xilinguole,锡林郭勒,CN,China,中国,namenggu,内蒙古,xilinguole,锡林郭勒,43.94402,116.090996,152500,
CN101080903,erlianhaote,二连浩特,CN,China,中国,neimenggu,内蒙古,xilinguole,锡林郭勒,43.652897,111.97981,152501,
CN101080904,abaga,阿巴嘎,CN,China,中国,neimenggu,内蒙古,xilinguole,锡林郭勒,44.022728,114.97062,152522,
CN101080906,suzuoqi,苏左旗,CN,China,中国,neimenggu,内蒙古,xilinguole,锡林郭勒,43.52,113.38,152523,
CN101080907,suyouqi,苏右旗,CN,China,中国,neimenggu,内蒙古,xilinguole,锡林郭勒,42.45,112.39,152524,
CN101080908,zhurihe,朱日和,CN,China,中国,neimenggu,内蒙古,xilinguole,锡林郭勒,42.40647,112.90234,152524,
CN101080909,dongwuqi,东乌旗,CN,China,中国,neimenggu,内蒙古,xilinguole,锡林郭勒,45.31,116.58,152525,
CN101080910,xiwuqi,西乌旗,CN,China,中国,neimenggu,内蒙古,xilinguole,锡林郭勒,44.35,117.36,152526,
CN101080911,taipusiqi,太仆寺,CN,China,中国,neimenggu,内蒙古,xilinguole,锡林郭勒,41.8952,115.28728,152527,
CN101080912,xianghuang,镶黄旗,CN,China,中国,neimenggu,内蒙古,xilinguole,锡林郭勒,42.239227,113.84387,152528,
CN101080913,zhengxiangbaiqi,正镶白旗,CN,China,中国,neimenggu,内蒙古,xilinguole,锡林郭勒,42.286808,115.031425,152529,
CN101080914,zhenglanqi,正蓝旗,CN,China,中国,neimenggu,内蒙古,xilinguole,锡林郭勒,42.245895,116.00331,152530,
CN101080915,duolun,多伦,CN,China,中国,neimenggu,内蒙古,xilinguole,锡林郭勒,42.197964,116.47729,152531,
CN101080916,boketu,博克图,CN,China,中国,neimenggu,内蒙古,xilinguole,锡林郭勒,48.753597,121.91604,150782,
CN101080917,wulagai,乌拉盖,CN,China,中国,neimenggu,内蒙古,xilinguole,锡林郭勒,45.711323,118.838394,152525,
CN101081001,hailaer,海拉尔,CN,China,中国,neimenggu,内蒙古,hulunbeier,呼伦贝尔,49.21389,119.76492,150702,
CN101081002,xiaoergou,小二沟,CN,China,中国,neimenggu,内蒙古,hulunbeier,呼伦贝尔,49.17609,123.3242,150723,
CN101081003,arongqi,阿荣旗,CN,China,中国,neimenggu,内蒙古,hulunbeier,呼伦贝尔,48.130505,123.464615,150721,
CN101081004,molidawa,莫力达瓦,CN,China,中国,neimenggu,内蒙古,hulunbeier,呼伦贝尔,48.478386,124.5074,150722,
CN101081005,elunchunqi,鄂伦春旗,CN,China,中国,neimenggu,内蒙古,hulunbeier,呼伦贝尔,50.35,123.44,150723,
CN101081006,ewenkeqi,鄂温克旗,CN,China,中国,neimenggu,内蒙古,hulunbeier,呼伦贝尔,49.09,119.45,150724,
CN101081007,chenqi,陈旗,CN,China,中国,neimenggu,内蒙古,hulunbeier,呼伦贝尔,49.19,119.26,150725,
CN101081008,xinzuoqi,新左旗,CN,China,中国,neimenggu,内蒙古,hulunbeier,呼伦贝尔,48.13,118.16,150726,
CN101081009,xinyouqi,新右旗,CN,China,中国,neimenggu,内蒙古,hulunbeier,呼伦贝尔,48.4,116.49,150727,
CN101081010,manzhouli,满洲里,CN,China,中国,neimenggu,内蒙古,hulunbeier,呼伦贝尔,49.59079,117.45556,150781,
CN101081011,yakeshi,牙克石,CN,China,中国,neimenggu,内蒙古,hulunbeier,呼伦贝尔,49.287025,120.729004,150782,
CN101081012,zhalantun,扎兰屯,CN,China,中国,neimenggu,内蒙古,hulunbeier,呼伦贝尔,48.007412,122.7444,150783,
CN101081013,hulunbeier,呼伦贝尔,CN,China,中国,namenggu,内蒙古,hulunbeier,呼伦贝尔,49.215332,119.75817,"150701,150700",
CN101081014,eerguna,额尔古纳,CN,China,中国,neimenggu,内蒙古,hulunbeier,呼伦贝尔,50.2439,120.178635,150784,
CN101081015,genhe,根河,CN,China,中国,neimenggu,内蒙古,hulunbeier,呼伦贝尔,50.780453,121.53272,150785,
CN101081016,tulihe,图里河,CN,China,中国,neimenggu,内蒙古,hulunbeier,呼伦贝尔,50.480488,121.682495,150782,
CN101081017,zhalainuoer,扎赉诺尔,CN,China,中国,namenggu,内蒙古,hulunbeier,呼伦贝尔,49.456566,117.71637,150703,
CN101081101,wulanhaote,乌兰浩特,CN,China,中国,neimenggu,内蒙古,xinganmeng,兴安盟,46.077236,122.06898,152201,
CN101081102,aershan,阿尔山,CN,China,中国,neimenggu,内蒙古,xinganmeng,兴安盟,47.177,119.94366,152202,
CN101081103,keyouzhongqi,科右中旗,CN,China,中国,neimenggu,内蒙古,xinganmeng,兴安盟,45.03,121.28,152222,
CN101081104,huerle,胡尔勒,CN,China,中国,neimenggu,内蒙古,xinganmeng,兴安盟,46.71723,122.08046,152223,
CN101081105,zhanlaite,扎赉特,CN,China,中国,neimenggu,内蒙古,xinganmeng,兴安盟,46.725136,122.90933,152223,
CN101081106,suolun,索伦,CN,China,中国,neimenggu,内蒙古,xinganmeng,兴安盟,46.61903,121.24779,152221,
CN101081107,tuquan,突泉,CN,China,中国,neimenggu,内蒙古,xinganmeng,兴安盟,45.380985,121.56486,152224,
CN101081108,xinganmeng,兴安盟,CN,China,中国,namenggu,内蒙古,xinganmeng,兴安盟,46.076267,122.07032,152200,
CN101081109,keyouqianqi,科右前旗,CN,China,中国,neimenggu,内蒙古,xinganmeng,兴安盟,46.063,122.069,152221,
CN101081110,gaoliban,高力板,CN,China,中国,neimenggu,内蒙古,xinganmeng,兴安盟,44.794903,121.62372,152222,
CN101081201,azuoqi,阿左旗,CN,China,中国,neimenggu,内蒙古,alashanmeng,阿拉善盟,39.641,105.111,152921,
CN101081202,ayouqi,阿右旗,CN,China,中国,neimenggu,内蒙古,alashanmeng,阿拉善盟,39.13,101.41,152922,
CN101081203,ejina,额济纳,CN,China,中国,neimenggu,内蒙古,alashanmeng,阿拉善盟,41.958813,101.06944,152923,
CN101081204,guanzihu,拐子湖,CN,China,中国,neimenggu,内蒙古,alashanmeng,阿拉善盟,41.368034,102.41601,152923,
CN101081205,jilantai,吉兰泰,CN,China,中国,neimenggu,内蒙古,alashanmeng,阿拉善盟,39.75628,105.75884,152921,
CN101081209,bayannuorigong,巴彦诺日公,CN,China,中国,neimenggu,内蒙古,alashanmeng,阿拉善盟,40.166042,104.806656,152921,
CN101081210,yabulai,雅布赖,CN,China,中国,neimenggu,内蒙古,alashanmeng,阿拉善盟,39.429592,102.779366,152922,
CN101081211,wusitai,乌斯太,CN,China,中国,neimenggu,内蒙古,alashanmeng,阿拉善盟,39.435158,106.71949,152921,
CN101081212,luanjingtan,孪井滩,CN,China,中国,neimenggu,内蒙古,alashanmeng,阿拉善盟,37.88537,105.403366,152921,
CN101081213,alashanmeng,阿拉善盟,CN,China,中国,namenggu,内蒙古,alashanmeng,阿拉善盟,38.844814,105.70642,152900,
CN101090101,shijiazhuang,石家庄,CN,China,中国,hebei,河北,shijiazhuang,石家庄,38.045475,114.502464,"130101,130100,130000",
CN101090102,jingxing,井陉,CN,China,中国,hebei,河北,shijiazhuang,石家庄,38.033615,114.144485,130121,
CN101090103,zhengding,正定,CN,China,中国,hebei,河北,shijiazhuang,石家庄,38.147835,114.569885,130123,
CN101090104,luancheng,栾城,CN,China,中国,hebei,河北,shijiazhuang,石家庄,37.88691,114.65428,130111,
CN101090105,xingtang,行唐,CN,China,中国,hebei,河北,shijiazhuang,石家庄,38.437424,114.552734,130125,
CN101090106,lingshou,灵寿,CN,China,中国,hebei,河北,shijiazhuang,石家庄,38.306545,114.37946,130126,
CN101090107,gaoyi,高邑,CN,China,中国,hebei,河北,shijiazhuang,石家庄,37.605713,114.6107,130127,
CN101090108,shenze,深泽,CN,China,中国,hebei,河北,shijiazhuang,石家庄,38.18454,115.20021,130128,
CN101090109,zanhuang,赞皇,CN,China,中国,hebei,河北,shijiazhuang,石家庄,37.6602,114.38776,130129,
CN101090110,wuji,无极,CN,China,中国,hebei,河北,shijiazhuang,石家庄,38.176376,114.977844,130130,
CN101090111,pingshan,平山,CN,China,中国,hebei,河北,shijiazhuang,石家庄,38.25931,114.18414,130131,
CN101090112,yuanshi,元氏,CN,China,中国,hebei,河北,shijiazhuang,石家庄,37.762512,114.52618,130132,
CN101090113,zhaoxian,赵县,CN,China,中国,hebei,河北,shijiazhuang,石家庄,37.75434,114.77536,130133,
CN101090114,xinji,辛集,CN,China,中国,hebei,河北,shijiazhuang,石家庄,37.92904,115.21745,130181,
CN101090115,gaocheng,藁城,CN,China,中国,hebei,河北,shijiazhuang,石家庄,38.033768,114.84965,130109,
CN101090116,jinzhou,晋州,CN,China,中国,hebei,河北,shijiazhuang,石家庄,38.027477,115.04488,130183,
CN101090117,xinle,新乐,CN,China,中国,hebei,河北,shijiazhuang,石家庄,38.34477,114.68578,130184,
CN101090118,luquan,鹿泉,CN,China,中国,hebei,河北,shijiazhuang,石家庄,38.093994,114.32102,130110,
CN101090119,changan,长安,CN,China,中国,hebei,河北,shijiazhuang,石家庄,38.0475,114.54815,130102,
CN101090120,qiaoxi,桥西,CN,China,中国,hebei,河北,shijiazhuang,石家庄,38.02838,114.46293,130104,
CN101090121,xinhua,新华,CN,China,中国,hebei,河北,shijiazhuang,石家庄,38.067142,114.46597,130105,
CN101090122,jingxingkuangqu,井陉矿区,CN,China,中国,hebei,河北,shijiazhuang,石家庄,38.069748,114.05818,130107,
CN101090123,yuhua,裕华,CN,China,中国,hebei,河北,shijiazhuang,石家庄,38.027695,114.53326,130108,
CN101090201,baoding,保定,CN,China,中国,hebei,河北,baoding,保定,38.867657,115.48233,"130601,130600",
CN101090202,mancheng,满城,CN,China,中国,hebei,河北,baoding,保定,38.95138,115.32442,130607,
CN101090203,fuping,阜平,CN,China,中国,hebei,河北,baoding,保定,38.847275,114.1988,130624,
CN101090204,xushui,徐水,CN,China,中国,hebei,河北,baoding,保定,39.020393,115.64941,130609,
CN101090205,tangxian,唐县,CN,China,中国,hebei,河北,baoding,保定,38.748543,114.98124,130627,
CN101090206,gaoyang,高阳,CN,China,中国,hebei,河北,baoding,保定,38.69009,115.77888,130628,
CN101090208,jingxiu,竞秀,CN,China,中国,hebei,河北,baoding,保定,38.88662,115.47066,130602,
CN101090209,laiyuan,涞源,CN,China,中国,hebei,河北,baoding,保定,39.35755,114.692566,130630,
CN101090210,wangdu,望都,CN,China,中国,hebei,河北,baoding,保定,38.707447,115.15401,130631,
CN101090212,yixian,易县,CN,China,中国,hebei,河北,baoding,保定,39.35297,115.501144,130633,
CN101090213,lianchi,莲池,CN,China,中国,hebei,河北,baoding,保定,38.865005,115.50093,130606,
CN101090214,quyang,曲阳,CN,China,中国,hebei,河北,baoding,保定,38.61999,114.704056,130634,
CN101090215,lixian,蠡县,CN,China,中国,hebei,河北,baoding,保定,38.49643,115.58363,130635,
CN101090216,shunping,顺平,CN,China,中国,hebei,河北,baoding,保定,38.845127,115.13275,130636,
CN101090218,zhuozhou,涿州,CN,China,中国,hebei,河北,baoding,保定,39.485764,115.97341,130681,
CN101090219,dingzhou,定州,CN,China,中国,hebei,河北,baoding,保定,38.5176,114.99139,130682,
CN101090220,anguo,安国,CN,China,中国,hebei,河北,baoding,保定,38.421368,115.33141,130683,
CN101090221,gaobeidian,高碑店,CN,China,中国,hebei,河北,baoding,保定,39.32769,115.882706,130684,
CN101090222,laishui,涞水,CN,China,中国,hebei,河北,baoding,保定,39.393147,115.71198,130623,
CN101090223,dingxing,定兴,CN,China,中国,hebei,河北,baoding,保定,39.266193,115.7969,130626,
CN101090224,qingyuan,清苑,CN,China,中国,hebei,河北,baoding,保定,38.77101,115.49222,130608,
CN101090225,boye,博野,CN,China,中国,hebei,河北,baoding,保定,38.45827,115.4618,130637,
CN101090301,zhangjiakou,张家口,CN,China,中国,hebei,河北,zhangjiakou,张家口,40.8119,114.884094,"130701,130700",
CN101090302,xuanhua,宣化,CN,China,中国,hebei,河北,zhangjiakou,张家口,40.609367,115.0632,130705,
CN101090303,zhangbei,张北,CN,China,中国,hebei,河北,zhangjiakou,张家口,41.151714,114.71595,130722,
CN101090304,kangbao,康保,CN,China,中国,hebei,河北,zhangjiakou,张家口,41.850044,114.61581,130723,
CN101090305,guyuan,沽源,CN,China,中国,hebei,河北,zhangjiakou,张家口,41.66742,115.68484,130724,
CN101090306,shangyi,尚义,CN,China,中国,hebei,河北,zhangjiakou,张家口,41.08009,113.977715,130725,
CN101090307,yuxian,蔚县,CN,China,中国,hebei,河北,zhangjiakou,张家口,39.83718,114.582695,130726,
CN101090308,yangyuan,阳原,CN,China,中国,hebei,河北,zhangjiakou,张家口,40.11342,114.16734,130727,
CN101090309,huaian,怀安,CN,China,中国,hebei,河北,zhangjiakou,张家口,40.671272,114.42236,130728,
CN101090310,wanquan,万全,CN,China,中国,hebei,河北,zhangjiakou,张家口,40.765137,114.73613,130708,
CN101090311,huailai,怀来,CN,China,中国,hebei,河北,zhangjiakou,张家口,40.405403,115.52084,130730,
CN101090312,zhuolu,涿鹿,CN,China,中国,hebei,河北,zhangjiakou,张家口,40.3787,115.219246,130731,
CN101090313,chicheng,赤城,CN,China,中国,hebei,河北,zhangjiakou,张家口,40.912083,115.83271,130732,
CN101090314,chongli,崇礼,CN,China,中国,hebei,河北,zhangjiakou,张家口,40.971302,115.281654,130709,
CN101090315,qiaodong,桥东,CN,China,中国,hebei,河北,zhangjiakou,张家口,40.813873,114.88566,130702,
CN101090316,qiaoxi,桥西,CN,China,中国,hebei,河北,zhangjiakou,张家口,40.824387,114.882126,130703,
CN101090317,xiahuayuan,下花园,CN,China,中国,hebei,河北,zhangjiakou,张家口,40.488644,115.281,130706,
CN101090401,shuangqiao,双桥,CN,China,中国,hebei,河北,chengde,承德,40.976204,117.939156,130802,
CN101090402,chengde,承德,CN,China,中国,hebei,河北,chengde,承德,40.976204,117.939156,"130801,130800",
CN101090403,chengdexian,承德县,CN,China,中国,hebei,河北,chengde,承德,40.76864,118.17249,130821,
CN101090404,xinglong,兴隆,CN,China,中国,hebei,河北,chengde,承德,40.418526,117.507095,130822,
CN101090405,pingquan,平泉,CN,China,中国,hebei,河北,chengde,承德,41.00561,118.69024,130881,
CN101090406,luanping,滦平,CN,China,中国,hebei,河北,chengde,承德,40.936646,117.33713,130824,
CN101090407,longhua,隆化,CN,China,中国,hebei,河北,chengde,承德,41.316666,117.73634,130825,
CN101090408,fengning,丰宁,CN,China,中国,hebei,河北,chengde,承德,41.209904,116.65121,130826,
CN101090409,kuancheng,宽城,CN,China,中国,hebei,河北,chengde,承德,40.607983,118.48864,130827,
CN101090410,weichang,围场,CN,China,中国,hebei,河北,chengde,承德,41.949406,117.764084,130828,
CN101090411,shuangluan,双滦,CN,China,中国,hebei,河北,chengde,承德,40.959755,117.797485,130803,
CN101090412,yingshouyingzikuang,鹰手营子矿,CN,China,中国,hebei,河北,chengde,承德,40.546955,117.661156,130804,
CN101090501,tangshan,唐山,CN,China,中国,hebei,河北,tangshan,唐山,39.635113,118.17539,"130201,130200",
CN101090502,fengnan,丰南,CN,China,中国,hebei,河北,tangshan,唐山,39.56303,118.110794,130207,
CN101090503,fengrun,丰润,CN,China,中国,hebei,河北,tangshan,唐山,39.831364,118.15578,130208,
CN101090504,luanxian,滦县,CN,China,中国,hebei,河北,tangshan,唐山,39.74485,118.69955,130223,
CN101090505,luannan,滦南,CN,China,中国,hebei,河北,tangshan,唐山,39.506203,118.68155,130224,
CN101090506,leting,乐亭,CN,China,中国,hebei,河北,tangshan,唐山,39.42813,118.90534,130225,
CN101090507,qianxi,迁西,CN,China,中国,hebei,河北,tangshan,唐山,40.146236,118.30514,130227,
CN101090508,yutian,玉田,CN,China,中国,hebei,河北,tangshan,唐山,39.88732,117.75366,130229,
CN101090509,caofeidian,曹妃甸,CN,China,中国,hebei,河北,tangshan,唐山,39.27828,118.44659,130209,
CN101090510,zunhua,遵化,CN,China,中国,hebei,河北,tangshan,唐山,40.188618,117.96587,130281,
CN101090511,qianan,迁安,CN,China,中国,hebei,河北,tangshan,唐山,40.012108,118.701935,130283,
CN101090513,lunan,路南,CN,China,中国,hebei,河北,tangshan,唐山,39.61516,118.21082,130202,
CN101090514,lubei,路北,CN,China,中国,hebei,河北,tangshan,唐山,39.628536,118.174736,130203,
CN101090515,guye,古冶,CN,China,中国,hebei,河北,tangshan,唐山,39.715736,118.45429,130204,
CN101090516,kaiping,开平,CN,China,中国,hebei,河北,tangshan,唐山,39.67617,118.26443,130205,
CN101090601,langfang,廊坊,CN,China,中国,hebei,河北,langfang,廊坊,39.523926,116.70444,"131001,131000",
CN101090602,guan,固安,CN,China,中国,hebei,河北,langfang,廊坊,39.436466,116.2999,131022,
CN101090603,yongqing,永清,CN,China,中国,hebei,河北,langfang,廊坊,39.319717,116.49809,131023,
CN101090604,xianghe,香河,CN,China,中国,hebei,河北,langfang,廊坊,39.757214,117.007164,131024,
CN101090605,dacheng,大城,CN,China,中国,hebei,河北,langfang,廊坊,38.699215,116.64073,131025,
CN101090606,wenan,文安,CN,China,中国,hebei,河北,langfang,廊坊,38.866802,116.460106,131026,
CN101090607,dachang,大厂,CN,China,中国,hebei,河北,langfang,廊坊,39.889267,116.9865,131028,
CN101090608,bazhou,霸州,CN,China,中国,hebei,河北,langfang,廊坊,39.117332,116.39202,131081,
CN101090609,sanhe,三河,CN,China,中国,hebei,河北,langfang,廊坊,39.982777,117.07702,131082,
CN101090610,anci,安次,CN,China,中国,hebei,河北,langfang,廊坊,39.502567,116.69454,131002,
CN101090611,guangyang,广阳,CN,China,中国,hebei,河北,langfang,廊坊,39.52193,116.71371,131003,
CN101090701,cangzhou,沧州,CN,China,中国,hebei,河北,cangzhou,沧州,38.31058,116.85746,"130901,130900",
CN101090702,qingxian,青县,CN,China,中国,hebei,河北,cangzhou,沧州,38.569645,116.83839,130922,
CN101090703,dongguang,东光,CN,China,中国,hebei,河北,cangzhou,沧州,37.88655,116.54206,130923,
CN101090704,haixing,海兴,CN,China,中国,hebei,河北,cangzhou,沧州,38.141582,117.496605,130924,
CN101090705,yanshan,盐山,CN,China,中国,hebei,河北,cangzhou,沧州,38.05614,117.22981,130925,
CN101090706,suning,肃宁,CN,China,中国,hebei,河北,cangzhou,沧州,38.4271,115.83585,130926,
CN101090707,nanpi,南皮,CN,China,中国,hebei,河北,cangzhou,沧州,38.04244,116.70917,130927,
CN101090708,wuqiao,吴桥,CN,China,中国,hebei,河北,cangzhou,沧州,37.62818,116.39151,130928,
CN101090709,xianxian,献县,CN,China,中国,hebei,河北,cangzhou,沧州,38.18966,116.12384,130929,
CN101090710,mengcun,孟村,CN,China,中国,hebei,河北,cangzhou,沧州,38.057953,117.1051,130930,
CN101090711,botou,泊头,CN,China,中国,hebei,河北,cangzhou,沧州,38.07348,116.57016,130981,
CN101090712,renqiu,任丘,CN,China,中国,hebei,河北,cangzhou,沧州,38.706512,116.106766,130982,
CN101090713,huanghua,黄骅,CN,China,中国,hebei,河北,cangzhou,沧州,38.36924,117.3438,130983,
CN101090714,hejian,河间,CN,China,中国,hebei,河北,cangzhou,沧州,38.44149,116.089455,130984,
CN101090715,xinhua,新华,CN,China,中国,hebei,河北,cangzhou,沧州,38.308273,116.87305,130902,
CN101090716,cangxian,沧县,CN,China,中国,hebei,河北,cangzhou,沧州,38.219856,117.00748,130921,
CN101090717,yunhe,运河,CN,China,中国,hebei,河北,cangzhou,沧州,38.307404,116.840065,130903,
CN101090801,hengshui,衡水,CN,China,中国,hebei,河北,hengshui,衡水,37.735096,115.66599,"131101,131100",
CN101090802,zaoqiang,枣强,CN,China,中国,hebei,河北,hengshui,衡水,37.511513,115.7265,131121,
CN101090803,wuyi,武邑,CN,China,中国,hebei,河北,hengshui,衡水,37.803776,115.89242,131122,
CN101090804,wuqiang,武强,CN,China,中国,hebei,河北,hengshui,衡水,38.03698,115.97024,131123,
CN101090805,raoyang,饶阳,CN,China,中国,hebei,河北,hengshui,衡水,38.23267,115.72658,131124,
CN101090806,anping,安平,CN,China,中国,hebei,河北,hengshui,衡水,38.233513,115.51963,131125,
CN101090807,gucheng,故城,CN,China,中国,hebei,河北,hengshui,衡水,37.350983,115.96674,131126,
CN101090808,jingxian,景县,CN,China,中国,hebei,河北,hengshui,衡水,37.686623,116.258446,131127,
CN101090809,fucheng,阜城,CN,China,中国,hebei,河北,hengshui,衡水,37.869946,116.16473,131128,
CN101090810,jizhou,冀州,CN,China,中国,hebei,河北,hengshui,衡水,37.54279,115.57917,131103,
CN101090811,shenzhou,深州,CN,China,中国,hebei,河北,hengshui,衡水,38.00347,115.554596,131182,
CN101090812,taocheng,桃城,CN,China,中国,hebei,河北,hengshui,衡水,37.73224,115.69495,131102,
CN101090901,xingtai,邢台,CN,China,中国,hebei,河北,xingtai,邢台,37.05073,114.561134,"130501,130500,130521",
CN101090902,lincheng,临城,CN,China,中国,hebei,河北,xingtai,邢台,37.444008,114.506874,130522,
CN101090903,qiaodong,桥东,CN,China,中国,hebei,河北,xingtai,邢台,37.064125,114.50713,130502,
CN101090904,neiqiu,内丘,CN,China,中国,hebei,河北,xingtai,邢台,37.287663,114.51152,130523,
CN101090905,baixiang,柏乡,CN,China,中国,hebei,河北,xingtai,邢台,37.483597,114.69338,130524,
CN101090906,longyao,隆尧,CN,China,中国,hebei,河北,xingtai,邢台,37.350925,114.776344,130525,
CN101090907,nanhe,南和,CN,China,中国,hebei,河北,xingtai,邢台,37.00381,114.691376,130527,
CN101090908,ningjin,宁晋,CN,China,中国,hebei,河北,xingtai,邢台,37.618958,114.92103,130528,
CN101090909,julu,巨鹿,CN,China,中国,hebei,河北,xingtai,邢台,37.21768,115.03878,130529,
CN101090910,xinhe,新河,CN,China,中国,hebei,河北,xingtai,邢台,37.526215,115.247536,130530,
CN101090911,guangzong,广宗,CN,China,中国,hebei,河北,xingtai,邢台,37.075546,115.1428,130531,
CN101090912,pingxiang,平乡,CN,China,中国,hebei,河北,xingtai,邢台,37.069405,115.02922,130532,
CN101090913,weixian,威县,CN,China,中国,hebei,河北,xingtai,邢台,36.983273,115.27275,130533,
CN101090914,qinghe,清河,CN,China,中国,hebei,河北,xingtai,邢台,37.05999,115.669,130534,
CN101090915,linxi,临西,CN,China,中国,hebei,河北,xingtai,邢台,36.8642,115.49869,130535,
CN101090916,nangong,南宫,CN,China,中国,hebei,河北,xingtai,邢台,37.35967,115.3981,130581,
CN101090917,shahe,沙河,CN,China,中国,hebei,河北,xingtai,邢台,36.861904,114.504906,130582,
CN101090918,renxian,任县,CN,China,中国,hebei,河北,xingtai,邢台,37.12995,114.68447,130526,
CN101090919,qiaoxi,桥西,CN,China,中国,hebei,河北,xingtai,邢台,37.06801,114.47369,130503,
CN101091001,handan,邯郸,CN,China,中国,hebei,河北,handan,邯郸,36.612274,114.490685,"130401,130400",
CN101091002,fengfeng,峰峰,CN,China,中国,hebei,河北,handan,邯郸,36.420486,114.20994,130406,
CN101091003,linzhang,临漳,CN,China,中国,hebei,河北,handan,邯郸,36.337605,114.6107,130423,
CN101091004,chengan,成安,CN,China,中国,hebei,河北,handan,邯郸,36.443832,114.68036,130424,
CN101091005,daming,大名,CN,China,中国,hebei,河北,handan,邯郸,36.283318,115.15259,130425,
CN101091006,shexian,涉县,CN,China,中国,hebei,河北,handan,邯郸,36.563145,113.673294,130426,
CN101091007,cixian,磁县,CN,China,中国,hebei,河北,handan,邯郸,36.367672,114.38208,130427,
CN101091008,feixiang,肥乡,CN,China,中国,hebei,河北,handan,邯郸,36.55578,114.80515,130407,
CN101091009,yongnian,永年,CN,China,中国,hebei,河北,handan,邯郸,36.776413,114.49616,130408,
CN101091010,qiuxian,邱县,CN,China,中国,hebei,河北,handan,邯郸,36.81325,115.16859,130430,
CN101091011,jize,鸡泽,CN,China,中国,hebei,河北,handan,邯郸,36.91491,114.87852,130431,
CN101091012,guangping,广平,CN,China,中国,hebei,河北,handan,邯郸,36.483604,114.95086,130432,
CN101091013,guantao,馆陶,CN,China,中国,hebei,河北,handan,邯郸,36.53946,115.289055,130433,
CN101091014,weixian,魏县,CN,China,中国,hebei,河北,handan,邯郸,36.354248,114.93411,130434,
CN101091015,quzhou,曲周,CN,China,中国,hebei,河北,handan,邯郸,36.7734,114.95759,130435,
CN101091016,wuan,武安,CN,China,中国,hebei,河北,handan,邯郸,36.696114,114.19458,130481,
CN101091017,hanshan,邯山,CN,China,中国,hebei,河北,handan,邯郸,36.603195,114.484985,130402,
CN101091018,congtai,丛台,CN,China,中国,hebei,河北,handan,邯郸,36.61108,114.494705,130403,
CN101091019,fuxing,复兴,CN,China,中国,hebei,河北,handan,邯郸,36.615482,114.458244,130404,
CN101091101,qinhuangdao,秦皇岛,CN,China,中国,hebei,河北,qinhuangdao,秦皇岛,39.94253,119.58658,"130301,130300",
CN101091102,qinglong,青龙,CN,China,中国,hebei,河北,qinhuangdao,秦皇岛,40.40602,118.95455,130321,
CN101091103,changli,昌黎,CN,China,中国,hebei,河北,qinhuangdao,秦皇岛,39.70973,119.16454,130322,
CN101091104,funing,抚宁,CN,China,中国,hebei,河北,qinhuangdao,秦皇岛,39.887054,119.240654,130306,
CN101091105,lulong,卢龙,CN,China,中国,hebei,河北,qinhuangdao,秦皇岛,39.89164,118.881805,130324,
CN101091106,beidaihe,北戴河,CN,China,中国,hebei,河北,qinhuangdao,秦皇岛,39.825123,119.48628,130304,
CN101091107,haigang,海港,CN,China,中国,hebei,河北,qinhuangdao,秦皇岛,39.94346,119.59622,130302,

